{
  "protocol_version" : "0.0.6",
  "configuration" : {
    "version" : "(6.12.0.140) (2020-02/51d876a041e)",
    "tlc" : "normal",
    "sigsgev" : "altstack",
    "notifications" : "kqueue",
    "architecture" : "amd64",
    "disabled_features" : "none",
    "smallconfig" : "disabled",
    "bigarrays" : "disabled",
    "softdebug" : "enabled",
    "interpreter" : "enabled",
    "llvm_support" : "0",
    "suspend" : "hybrid"
  },
  "memory" : {
    "Resident Size" : "157937664",
    "Virtual Size" : "4660506624",
    "minor_gc_time" : "0",
    "major_gc_time" : "0",
    "minor_gc_count" : "0",
    "major_gc_count" : "0",
    "major_gc_time_concurrent" : "0"
 },
  "threads" : [
 {
    "is_managed" : false,
    "offset_free_hash" : "0x0",
    "offset_rich_hash" : "0x0",
    "crashed" : false,
    "native_thread_id" : "0x10e034dc0",
    "thread_info_addr" : "0x7fddf0008800",
    "thread_name" : "tid_307",
    "ctx" : {
      "IP" : "0x7fff6f3cd882",
      "SP" : "0x7ffee450dc48",
      "BP" : "0x7ffee450dce0"
  },
    "unmanaged_frames" : [
  {
      "is_managed" : "false",
      "native_address" : "0x10b7a2956",
      "native_offset" : "0x00000"
   }
,
  {
      "is_managed" : "false",
      "native_address" : "0x10b93e0d5",
      "native_offset" : "0x00000"
   }
,
  {
      "is_managed" : "false",
      "native_address" : "0x10b93de07",
      "native_offset" : "0x00000"
   }
,
  {
      "is_managed" : "false",
      "native_address" : "0x10b80e920",
      "native_offset" : "0x00000"
   }
,
  {
      "is_managed" : "false",
      "native_address" : "0x7fff6f4825fd",
      "native_offset" : "0x00000"
   }
,
  {
      "is_managed" : "false",
      "native_address" : "0x7ffee450d938",
      "native_offset" : "0x00000"
   }
,
  {
      "is_managed" : "false",
      "native_address" : "0x10b9d8e80",
      "native_offset" : "0x00000"
   }
,
  {
      "is_managed" : "false",
      "native_address" : "0x10b9f0fb1",
      "native_offset" : "0x00000"
   }
,
  {
      "is_managed" : "false",
      "native_address" : "0x10b93aff4",
      "native_offset" : "0x00000"
   }
,
  {
      "is_managed" : "false",
      "native_address" : "0x10b93adfa",
      "native_offset" : "0x00000"
   }
,
  {
      "is_managed" : "false",
      "native_address" : "0x10b767fea",
      "native_offset" : "0x00000"
   }
,
  {
      "is_managed" : "false",
      "native_address" : "0x10b6f41a8",
      "native_offset" : "0x00000"
   }
,
  {
      "is_managed" : "false",
      "native_address" : "0x7fff6f289cc9",
      "native_offset" : "0x00000"
   }
,
  {
      "is_managed" : "false",
      "native_address" : "0x5",
      "native_offset" : "0x00000"
   }

  ]
 },
 {
    "is_managed" : false,
    "offset_free_hash" : "0x0",
    "offset_rich_hash" : "0x0",
    "crashed" : false,
    "native_thread_id" : "0x700007d79000",
    "thread_info_addr" : "0x7fddf180c600",
    "thread_name" : "Finalizer",
    "ctx" : {
      "IP" : "0x7fff6f3cae36",
      "SP" : "0x700007d78eb8",
      "BP" : "0x700007d78f00"
  },
    "unmanaged_frames" : [
  {
      "is_managed" : "false",
      "native_address" : "0x10b7a2956",
      "native_offset" : "0x00000"
   }
,
  {
      "is_managed" : "false",
      "native_address" : "0x10b93e0d5",
      "native_offset" : "0x00000"
   }
,
  {
      "is_managed" : "false",
      "native_address" : "0x10b93de07",
      "native_offset" : "0x00000"
   }
,
  {
      "is_managed" : "false",
      "native_address" : "0x10b80e920",
      "native_offset" : "0x00000"
   }
,
  {
      "is_managed" : "false",
      "native_address" : "0x7fff6f4825fd",
      "native_offset" : "0x00000"
   }
,
  {
      "is_managed" : "false",
      "native_address" : "unregistered"
   }
,
  {
      "is_managed" : "false",
      "native_address" : "0x10b93ed1d",
      "native_offset" : "0x00000"
   }
,
  {
      "is_managed" : "false",
      "native_address" : "0x7fff6f48e109",
      "native_offset" : "0x00000"
   }
,
  {
      "is_managed" : "false",
      "native_address" : "0x7fff6f489b8b",
      "native_offset" : "0x00000"
   }

  ]
 },
 {
    "is_managed" : true,
    "offset_free_hash" : "0x11a67480d0",
    "offset_rich_hash" : "0x11a67485e5",
    "crashed" : true,
    "native_thread_id" : "0x70000ab04000",
    "thread_info_addr" : "0x7fddf05dde00",
    "thread_name" : "tid_9603",
    "ctx" : {
      "IP" : "0x7fff6f3d133a",
      "SP" : "0x70000aafcb98",
      "BP" : "0x70000aafcbc0"
  },
    "managed_frames" : [
  {
      "is_managed" : "false",
      "native_address" : "unregistered"
   }
,
  {
      "is_managed" : "true",
      "guid" : "92218043-4747-44EA-9D64-D27064C35DCB",
      "token" : "0x00000",
      "native_offset" : "0x0",
      "filename" : "mscorlib.dll",
      "sizeofimage" : "0x472000",
      "timestamp" : "0xa45d0dbd",
      "il_offset" : "0x00000"
   }
,
  {
      "is_managed" : "true",
      "guid" : "92218043-4747-44EA-9D64-D27064C35DCB",
      "token" : "0x00000",
      "native_offset" : "0x0",
      "filename" : "mscorlib.dll",
      "sizeofimage" : "0x472000",
      "timestamp" : "0xa45d0dbd",
      "il_offset" : "0x00015"
   }
,
  {
      "is_managed" : "true",
      "guid" : "BD24F2D5-173E-4EF0-BCAC-9E2F08461AE4",
      "token" : "0x600427f",
      "native_offset" : "0x0",
      "filename" : "System.dll",
      "sizeofimage" : "0x290000",
      "timestamp" : "0xae21f1c6",
      "il_offset" : "0x0026a"
   }
,
  {
      "is_managed" : "true",
      "guid" : "BD24F2D5-173E-4EF0-BCAC-9E2F08461AE4",
      "token" : "0x600447f",
      "native_offset" : "0x0",
      "filename" : "System.dll",
      "sizeofimage" : "0x290000",
      "timestamp" : "0xae21f1c6",
      "il_offset" : "0x00043"
   }
,
  {
      "is_managed" : "true",
      "guid" : "92218043-4747-44EA-9D64-D27064C35DCB",
      "token" : "0x6001ed3",
      "native_offset" : "0x0",
      "filename" : "mscorlib.dll",
      "sizeofimage" : "0x472000",
      "timestamp" : "0xa45d0dbd",
      "il_offset" : "0x00071"
   }
,
  {
      "is_managed" : "true",
      "guid" : "92218043-4747-44EA-9D64-D27064C35DCB",
      "token" : "0x6001ed1",
      "native_offset" : "0x0",
      "filename" : "mscorlib.dll",
      "sizeofimage" : "0x472000",
      "timestamp" : "0xa45d0dbd",
      "il_offset" : "0x00000"
   }
,
  {
      "is_managed" : "true",
      "guid" : "92218043-4747-44EA-9D64-D27064C35DCB",
      "token" : "0x6001ed0",
      "native_offset" : "0x0",
      "filename" : "mscorlib.dll",
      "sizeofimage" : "0x472000",
      "timestamp" : "0xa45d0dbd",
      "il_offset" : "0x0002b"
   }
,
  {
      "is_managed" : "true",
      "guid" : "BD24F2D5-173E-4EF0-BCAC-9E2F08461AE4",
      "token" : "0x600427e",
      "native_offset" : "0x0",
      "filename" : "System.dll",
      "sizeofimage" : "0x290000",
      "timestamp" : "0xae21f1c6",
      "il_offset" : "0x00093"
   }
,
  {
      "is_managed" : "true",
      "guid" : "BD24F2D5-173E-4EF0-BCAC-9E2F08461AE4",
      "token" : "0x00000",
      "native_offset" : "0x0",
      "filename" : "System.dll",
      "sizeofimage" : "0x290000",
      "timestamp" : "0xae21f1c6",
      "il_offset" : "0xffffffff"
   }
,
  {
      "is_managed" : "false",
      "native_address" : "unregistered"
   }
,
  {
      "is_managed" : "true",
      "guid" : "BD24F2D5-173E-4EF0-BCAC-9E2F08461AE4",
      "token" : "0x00000",
      "native_offset" : "0x0",
      "filename" : "System.dll",
      "sizeofimage" : "0x290000",
      "timestamp" : "0xae21f1c6",
      "il_offset" : "0x00000"
   }
,
  {
      "is_managed" : "true",
      "guid" : "BD24F2D5-173E-4EF0-BCAC-9E2F08461AE4",
      "token" : "0x6004477",
      "native_offset" : "0x0",
      "filename" : "System.dll",
      "sizeofimage" : "0x290000",
      "timestamp" : "0xae21f1c6",
      "il_offset" : "0x0003a"
   }
,
  {
      "is_managed" : "true",
      "guid" : "92218043-4747-44EA-9D64-D27064C35DCB",
      "token" : "0x6001f2b",
      "native_offset" : "0x0",
      "filename" : "mscorlib.dll",
      "sizeofimage" : "0x472000",
      "timestamp" : "0xa45d0dbd",
      "il_offset" : "0x00025"
   }
,
  {
      "is_managed" : "true",
      "guid" : "92218043-4747-44EA-9D64-D27064C35DCB",
      "token" : "0x6001ed3",
      "native_offset" : "0x0",
      "filename" : "mscorlib.dll",
      "sizeofimage" : "0x472000",
      "timestamp" : "0xa45d0dbd",
      "il_offset" : "0x00071"
   }
,
  {
      "is_managed" : "true",
      "guid" : "92218043-4747-44EA-9D64-D27064C35DCB",
      "token" : "0x6001ed1",
      "native_offset" : "0x0",
      "filename" : "mscorlib.dll",
      "sizeofimage" : "0x472000",
      "timestamp" : "0xa45d0dbd",
      "il_offset" : "0x00000"
   }
,
  {
      "is_managed" : "true",
      "guid" : "92218043-4747-44EA-9D64-D27064C35DCB",
      "token" : "0x6001ed0",
      "native_offset" : "0x0",
      "filename" : "mscorlib.dll",
      "sizeofimage" : "0x472000",
      "timestamp" : "0xa45d0dbd",
      "il_offset" : "0x0002b"
   }
,
  {
      "is_managed" : "true",
      "guid" : "92218043-4747-44EA-9D64-D27064C35DCB",
      "token" : "0x00000",
      "native_offset" : "0x0",
      "filename" : "mscorlib.dll",
      "sizeofimage" : "0x472000",
      "timestamp" : "0xa45d0dbd",
      "il_offset" : "0x0002a"
   }

  ],
  "unmanaged_frames" : [
 {
    "is_managed" : "false",
    "native_address" : "0x10b7a2956",
    "native_offset" : "0x00000"
  }
,
 {
    "is_managed" : "false",
    "native_address" : "0x10b93e0d5",
    "native_offset" : "0x00000"
  }
,
 {
    "is_managed" : "false",
    "native_address" : "0x10b93e74a",
    "native_offset" : "0x00000"
  }
,
 {
    "is_managed" : "false",
    "native_address" : "0x10b80f9e7",
    "native_offset" : "0x00000"
  }
,
 {
    "is_managed" : "false",
    "native_address" : "0x10b7a75ee",
    "native_offset" : "0x00000"
  }
,
 {
    "is_managed" : "false",
    "native_address" : "0x10b80ecdf",
    "native_offset" : "0x00000"
  }
,
 {
    "is_managed" : "false",
    "native_address" : "0x7fff6f4825fd",
    "native_offset" : "0x00000"
  }
,
 {
    "is_managed" : "false",
    "native_address" : "unregistered"
  }
,
 {
    "is_managed" : "false",
    "native_address" : "0x7fff6f358808",
    "native_offset" : "0x00000"
  }
,
 {
    "is_managed" : "false",
    "native_address" : "0x10b9fbf57",
    "native_offset" : "0x00000"
  }
,
 {
    "is_managed" : "false",
    "native_address" : "0x10b9dcdbf",
    "native_offset" : "0x00000"
  }
,
 {
    "is_managed" : "false",
    "native_address" : "0x10b9fc3ee",
    "native_offset" : "0x00000"
  }
,
 {
    "is_managed" : "false",
    "native_address" : "0x10b9fc56f",
    "native_offset" : "0x00000"
  }
,
 {
    "is_managed" : "false",
    "native_address" : "0x10b9fc5aa",
    "native_offset" : "0x00000"
  }
,
 {
    "is_managed" : "false",
    "native_address" : "0x10b9f0d7e",
    "native_offset" : "0x00000"
  }
,
 {
    "is_managed" : "false",
    "native_address" : "0x10b938641",
    "native_offset" : "0x00000"
  }
,
 {
    "is_managed" : "false",
    "native_address" : "0x10b93f2bd",
    "native_offset" : "0x00000"
  }
,
 {
    "is_managed" : "false",
    "native_address" : "0x10b93cf2c",
    "native_offset" : "0x00000"
  }
,
 {
    "is_managed" : "true",
    "guid" : "92218043-4747-44EA-9D64-D27064C35DCB",
    "token" : "0x00000",
    "native_offset" : "0x0",
    "filename" : "mscorlib.dll",
    "sizeofimage" : "0x472000",
    "timestamp" : "0xa45d0dbd",
    "il_offset" : "0x00000"
  }
,
 {
    "is_managed" : "true",
    "guid" : "92218043-4747-44EA-9D64-D27064C35DCB",
    "token" : "0x00000",
    "native_offset" : "0x0",
    "filename" : "mscorlib.dll",
    "sizeofimage" : "0x472000",
    "timestamp" : "0xa45d0dbd",
    "il_offset" : "0x00000"
  }
,
 {
    "is_managed" : "true",
    "guid" : "BD24F2D5-173E-4EF0-BCAC-9E2F08461AE4",
    "token" : "0x600427f",
    "native_offset" : "0x0",
    "filename" : "System.dll",
    "sizeofimage" : "0x290000",
    "timestamp" : "0xae21f1c6",
    "il_offset" : "0x00000"
  }
,
 {
    "is_managed" : "true",
    "guid" : "BD24F2D5-173E-4EF0-BCAC-9E2F08461AE4",
    "token" : "0x600447f",
    "native_offset" : "0x0",
    "filename" : "System.dll",
    "sizeofimage" : "0x290000",
    "timestamp" : "0xae21f1c6",
    "il_offset" : "0x00000"
  }
,
 {
    "is_managed" : "true",
    "guid" : "92218043-4747-44EA-9D64-D27064C35DCB",
    "token" : "0x6001ed3",
    "native_offset" : "0x0",
    "filename" : "mscorlib.dll",
    "sizeofimage" : "0x472000",
    "timestamp" : "0xa45d0dbd",
    "il_offset" : "0x00000"
  }
,
 {
    "is_managed" : "true",
    "guid" : "92218043-4747-44EA-9D64-D27064C35DCB",
    "token" : "0x6001ed1",
    "native_offset" : "0x0",
    "filename" : "mscorlib.dll",
    "sizeofimage" : "0x472000",
    "timestamp" : "0xa45d0dbd",
    "il_offset" : "0x00000"
  }
,
 {
    "is_managed" : "true",
    "guid" : "BD24F2D5-173E-4EF0-BCAC-9E2F08461AE4",
    "token" : "0x00000",
    "native_offset" : "0x0",
    "filename" : "System.dll",
    "sizeofimage" : "0x290000",
    "timestamp" : "0xae21f1c6",
    "il_offset" : "0x00000"
  }
,
 {
    "is_managed" : "false",
    "native_address" : "0x7fff36ad2993",
    "native_offset" : "0x00000"
  }
,
 {
    "is_managed" : "false",
    "native_address" : "0x7fff36ad1dfe",
    "native_offset" : "0x00000"
  }
,
 {
    "is_managed" : "false",
    "native_address" : "0x7fff36ad1cf7",
    "native_offset" : "0x00000"
  }
,
 {
    "is_managed" : "false",
    "native_address" : "0x7fff36ad492b",
    "native_offset" : "0x00000"
  }
,
 {
    "is_managed" : "false",
    "native_address" : "0x7fff353e3b05",
    "native_offset" : "0x00000"
  }
,
 {
    "is_managed" : "false",
    "native_address" : "0x7fff353b5304",
    "native_offset" : "0x00000"
  }
,
 {
    "is_managed" : "false",
    "native_address" : "0x7fff353b5250",
    "native_offset" : "0x00000"
  }
,
 {
    "is_managed" : "false",
    "native_address" : "0x7fff353b3d79",
    "native_offset" : "0x00000"
  }
,
 {
    "is_managed" : "false",
    "native_address" : "0x7fff353b2e3e",
    "native_offset" : "0x00000"
  }
,
 {
    "is_managed" : "false",
    "native_address" : "0x7fff3543b489",
    "native_offset" : "0x00000"
  }
,
 {
    "is_managed" : "false",
    "native_address" : "0x10e7a2fcc",
    "native_offset" : "0x00000"
  }
,
 {
    "is_managed" : "true",
    "guid" : "BD24F2D5-173E-4EF0-BCAC-9E2F08461AE4",
    "token" : "0x00000",
    "native_offset" : "0x0",
    "filename" : "System.dll",
    "sizeofimage" : "0x290000",
    "timestamp" : "0xae21f1c6",
    "il_offset" : "0x00000"
  }
,
 {
    "is_managed" : "true",
    "guid" : "BD24F2D5-173E-4EF0-BCAC-9E2F08461AE4",
    "token" : "0x6004477",
    "native_offset" : "0x0",
    "filename" : "System.dll",
    "sizeofimage" : "0x290000",
    "timestamp" : "0xae21f1c6",
    "il_offset" : "0x00000"
  }
,
 {
    "is_managed" : "true",
    "guid" : "92218043-4747-44EA-9D64-D27064C35DCB",
    "token" : "0x6001f2b",
    "native_offset" : "0x0",
    "filename" : "mscorlib.dll",
    "sizeofimage" : "0x472000",
    "timestamp" : "0xa45d0dbd",
    "il_offset" : "0x00000"
  }
,
 {
    "is_managed" : "true",
    "guid" : "92218043-4747-44EA-9D64-D27064C35DCB",
    "token" : "0x6001ed1",
    "native_offset" : "0x0",
    "filename" : "mscorlib.dll",
    "sizeofimage" : "0x472000",
    "timestamp" : "0xa45d0dbd",
    "il_offset" : "0x00000"
  }
,
 {
    "is_managed" : "false",
    "native_address" : "0x10b7048c2",
    "native_offset" : "0x00000"
  }
,
 {
    "is_managed" : "false",
    "native_address" : "0x10b913f07",
    "native_offset" : "0x00000"
  }
,
 {
    "is_managed" : "false",
    "native_address" : "0x10b91a7b0",
    "native_offset" : "0x00000"
  }
,
 {
    "is_managed" : "false",
    "native_address" : "0x10b93ed5d",
    "native_offset" : "0x00000"
  }
,
 {
    "is_managed" : "false",
    "native_address" : "0x7fff6f48e109",
    "native_offset" : "0x00000"
  }
,
 {
    "is_managed" : "false",
    "native_address" : "0x7fff6f489b8b",
    "native_offset" : "0x00000"
  }

 ]
}
]
}